{"Dataset size": 263821, "Classes": 747, "training": 211056, "validation": 52765, "device": "cuda", "avg_loss": 2.977653028731616, "accuracy": 0.4396474936037146}